<?xml version="1.0" encoding="UTF-8"?>
 <marcadores>
 	<marcador>
 		<nombre>Alborán</nombre>
 		<descripcion>Web del IES Mar de Alborán.</descripcion>
 		<url>http://www.alboran.com/</url>
 	</marcador>
 	<marcador>
 		<nombre>Wikipedia</nombre>
 		<descripcion>La enciclopedia libre.</descripcion>
 		<url>http://www.wikipedia.org/</url>
 	</marcador>
 	<marcador>
 		<nombre>W3C</nombre>
 		<descripcion>World Wide Web Consortium.</descripcion>
 		<url>http://www.w3.org/</url>
 	</marcador>
 </marcadores>
