<?xml version="1.0" encoding="UTF-8"?>
<?xml-stylesheet type="text/xsl" href="tienda.xsl"?>
<tienda>
    <nombre>La tiendecilla</nombre>
    <telefono>953 87 12 23</telefono>
    <producto>
        <codigo>92</codigo>
        <cantidad>10</cantidad>
        <articulo>Radio-Casette</articulo>
        <precio>50</precio>
        <imagen>1.png</imagen>
    </producto>
    <producto>
        <codigo>101</codigo>
        <cantidad>3</cantidad>
        <articulo>Sofá</articulo>
        <precio>250</precio>
        <imagen>2.png</imagen>
    </producto>
    <producto>
        <codigo>103</codigo>
        <cantidad>50</cantidad>
        <articulo>Reloj Cocina</articulo>
        <precio>750</precio>
        <imagen>3.png</imagen>
    </producto>
    <producto>
        <codigo>104</codigo>
        <cantidad>41</cantidad>
        <articulo>Bolso de mano</articulo>
        <precio>1000</precio>
        <imagen>4.png</imagen>
    </producto>
    <producto>
        <codigo>105</codigo>
        <cantidad>25</cantidad>
        <articulo>Taza</articulo>
        <precio>2500</precio>
        <imagen>5.png</imagen>
    </producto>
</tienda>